Path;SteerAngle;Throttle;Brake;Speed;X_Position;Y_Position;Pitch;Yaw;Roll
C:\Users\Markus Buchholz\Desktop\UdaCity\RoboND\RoboND-Rover-Project_MARKUS\IMG\robocam_2017_08_19_18_41_38_351.jpg;0;0;1;0;97.54265;81.7646;0.0002368824;268.9552;5.448869E-06
C:\Users\Markus Buchholz\Desktop\UdaCity\RoboND\RoboND-Rover-Project_MARKUS\IMG\robocam_2017_08_19_18_41_38_397.jpg;0;0;0;0;97.54265;81.7646;0.0002368781;268.9552;5.91409E-06
C:\Users\Markus Buchholz\Desktop\UdaCity\RoboND\RoboND-Rover-Project_MARKUS\IMG\robocam_2017_08_19_18_41_38_447.jpg;0;0;0;0;97.54265;81.7646;0.0002368757;268.9552;6.18255E-06
C:\Users\Markus Buchholz\Desktop\UdaCity\RoboND\RoboND-Rover-Project_MARKUS\IMG\robocam_2017_08_19_18_41_38_499.jpg;0;0;0;0;97.54265;81.7646;0.0002368726;268.9552;6.519377E-06
C:\Users\Markus Buchholz\Desktop\UdaCity\RoboND\RoboND-Rover-Project_MARKUS\IMG\robocam_2017_08_19_18_41_38_551.jpg;0;0;0;0;97.54265;81.7646;0.000236871;268.9552;6.692792E-06
C:\Users\Markus Buchholz\Desktop\UdaCity\RoboND\RoboND-Rover-Project_MARKUS\IMG\robocam_2017_08_19_18_41_38_601.jpg;0;0;0;0;97.54265;81.7646;0.0002368694;268.9552;6.872878E-06
C:\Users\Markus Buchholz\Desktop\UdaCity\RoboND\RoboND-Rover-Project_MARKUS\IMG\robocam_2017_08_19_18_41_38_647.jpg;0;0;0;0;97.54265;81.7646;0.0002368688;268.9552;6.939576E-06
C:\Users\Markus Buchholz\Desktop\UdaCity\RoboND\RoboND-Rover-Project_MARKUS\IMG\robocam_2017_08_19_18_41_38_697.jpg;0;0;0;0;97.54265;81.7646;0.0002368686;268.9552;6.96292E-06
C:\Users\Markus Buchholz\Desktop\UdaCity\RoboND\RoboND-Rover-Project_MARKUS\IMG\robocam_2017_08_19_18_41_38_747.jpg;0;0;0;0;97.54265;81.7646;0.0002368689;268.9552;6.926236E-06
C:\Users\Markus Buchholz\Desktop\UdaCity\RoboND\RoboND-Rover-Project_MARKUS\IMG\robocam_2017_08_19_18_41_38_797.jpg;0;0;0;0;97.54265;81.7646;0.0002368701;268.9552;6.791172E-06
C:\Users\Markus Buchholz\Desktop\UdaCity\RoboND\RoboND-Rover-Project_MARKUS\IMG\robocam_2017_08_19_18_41_38_850.jpg;0;0;0;0;97.54265;81.7646;0.0002368714;268.9552;6.649439E-06
C:\Users\Markus Buchholz\Desktop\UdaCity\RoboND\RoboND-Rover-Project_MARKUS\IMG\robocam_2017_08_19_18_41_38_897.jpg;0;0;0;0;97.54265;81.7646;0.0002368741;268.9552;6.359301E-06
C:\Users\Markus Buchholz\Desktop\UdaCity\RoboND\RoboND-Rover-Project_MARKUS\IMG\robocam_2017_08_19_18_41_38_947.jpg;0;0;0;0;97.54265;81.7646;0.0002368763;268.9552;6.11752E-06
C:\Users\Markus Buchholz\Desktop\UdaCity\RoboND\RoboND-Rover-Project_MARKUS\IMG\robocam_2017_08_19_18_41_38_997.jpg;0;0;0;0;97.54265;81.7646;0.0002368802;268.9552;5.692318E-06
C:\Users\Markus Buchholz\Desktop\UdaCity\RoboND\RoboND-Rover-Project_MARKUS\IMG\robocam_2017_08_19_18_41_39_047.jpg;0;0;0;0;97.54265;81.7646;0.0002368831;268.9552;5.367163E-06
C:\Users\Markus Buchholz\Desktop\UdaCity\RoboND\RoboND-Rover-Project_MARKUS\IMG\robocam_2017_08_19_18_41_39_100.jpg;0;0;0;0;97.54265;81.7646;0.0002368881;268.9552;4.821905E-06
C:\Users\Markus Buchholz\Desktop\UdaCity\RoboND\RoboND-Rover-Project_MARKUS\IMG\robocam_2017_08_19_18_41_39_151.jpg;0;0;0;0;97.54265;81.7646;0.0002368918;268.9552;4.421715E-06
C:\Users\Markus Buchholz\Desktop\UdaCity\RoboND\RoboND-Rover-Project_MARKUS\IMG\robocam_2017_08_19_18_41_39_201.jpg;0;0;0;0;97.54265;81.7646;0.0002368976;268.9552;3.783079E-06
C:\Users\Markus Buchholz\Desktop\UdaCity\RoboND\RoboND-Rover-Project_MARKUS\IMG\robocam_2017_08_19_18_41_39_246.jpg;0;0;0;0;97.54265;81.7646;0.0002369017;268.9552;3.331198E-06
C:\Users\Markus Buchholz\Desktop\UdaCity\RoboND\RoboND-Rover-Project_MARKUS\IMG\robocam_2017_08_19_18_41_39_301.jpg;0;0;0;0;97.54265;81.7646;0.0002369082;268.9552;2.620861E-06
C:\Users\Markus Buchholz\Desktop\UdaCity\RoboND\RoboND-Rover-Project_MARKUS\IMG\robocam_2017_08_19_18_41_39_349.jpg;0;0;0;0;97.54265;81.7646;0.0002366992;268.9552;2.130351E-06
C:\Users\Markus Buchholz\Desktop\UdaCity\RoboND\RoboND-Rover-Project_MARKUS\IMG\robocam_2017_08_19_18_41_39_397.jpg;0;0;0;0;97.54265;81.7646;0.0002360657;268.9552;1.37416E-06
C:\Users\Markus Buchholz\Desktop\UdaCity\RoboND\RoboND-Rover-Project_MARKUS\IMG\robocam_2017_08_19_18_41_39_450.jpg;0;0;0;0;97.54265;81.7646;0.0002356435;268.9552;8.63363E-07
C:\Users\Markus Buchholz\Desktop\UdaCity\RoboND\RoboND-Rover-Project_MARKUS\IMG\robocam_2017_08_19_18_41_39_501.jpg;0;0;0;0;97.54265;81.7646;0.0002350101;268.9552;9.550071E-08
C:\Users\Markus Buchholz\Desktop\UdaCity\RoboND\RoboND-Rover-Project_MARKUS\IMG\robocam_2017_08_19_18_41_39_551.jpg;0;0;0;0;97.54265;81.7646;0.0002345879;268.9552;-4.152962E-07
C:\Users\Markus Buchholz\Desktop\UdaCity\RoboND\RoboND-Rover-Project_MARKUS\IMG\robocam_2017_08_19_18_41_39_597.jpg;0;0;0;0;97.54265;81.7646;0.0002345947;268.9552;-1.162317E-06
C:\Users\Markus Buchholz\Desktop\UdaCity\RoboND\RoboND-Rover-Project_MARKUS\IMG\robocam_2017_08_19_18_41_39_651.jpg;0;0;0;0;97.54265;81.7646;0.0002345991;268.9552;-1.647547E-06
C:\Users\Markus Buchholz\Desktop\UdaCity\RoboND\RoboND-Rover-Project_MARKUS\IMG\robocam_2017_08_19_18_41_39_697.jpg;0;0;0;0;97.54265;81.7646;0.0002346055;268.9552;-2.351214E-06
C:\Users\Markus Buchholz\Desktop\UdaCity\RoboND\RoboND-Rover-Project_MARKUS\IMG\robocam_2017_08_19_18_41_39_747.jpg;0;0;0;0;97.54265;81.7646;0.0002346096;268.9552;-2.796425E-06
C:\Users\Markus Buchholz\Desktop\UdaCity\RoboND\RoboND-Rover-Project_MARKUS\IMG\robocam_2017_08_19_18_41_39_797.jpg;0;0;0;0;97.54265;81.7646;0.0002346153;268.9552;-3.425057E-06
C:\Users\Markus Buchholz\Desktop\UdaCity\RoboND\RoboND-Rover-Project_MARKUS\IMG\robocam_2017_08_19_18_41_39_847.jpg;0;0;0;0;97.54265;81.7646;0.000234192;268.9552;-3.819132E-06
C:\Users\Markus Buchholz\Desktop\UdaCity\RoboND\RoboND-Rover-Project_MARKUS\IMG\robocam_2017_08_19_18_41_39_897.jpg;0;0;0;0;97.54265;81.7646;0.000234197;268.9552;-4.359389E-06
C:\Users\Markus Buchholz\Desktop\UdaCity\RoboND\RoboND-Rover-Project_MARKUS\IMG\robocam_2017_08_19_18_41_39_947.jpg;0;0;0;0;97.54265;81.7646;0.000233773;268.9552;-4.683431E-06
C:\Users\Markus Buchholz\Desktop\UdaCity\RoboND\RoboND-Rover-Project_MARKUS\IMG\robocam_2017_08_19_18_41_39_999.jpg;0;0;0;0;97.54265;81.7646;0.0002337769;268.9552;-5.115302E-06
C:\Users\Markus Buchholz\Desktop\UdaCity\RoboND\RoboND-Rover-Project_MARKUS\IMG\robocam_2017_08_19_18_41_40_047.jpg;0;0;0;0;97.54265;81.7646;0.0002339927;268.9552;-5.365142E-06
C:\Users\Markus Buchholz\Desktop\UdaCity\RoboND\RoboND-Rover-Project_MARKUS\IMG\robocam_2017_08_19_18_41_40_097.jpg;0;0;0;0;97.54265;81.7646;0.0002339955;268.9552;-5.671955E-06
C:\Users\Markus Buchholz\Desktop\UdaCity\RoboND\RoboND-Rover-Project_MARKUS\IMG\robocam_2017_08_19_18_41_40_148.jpg;0;0;0;0;97.54265;81.7646;0.0002339969;268.9552;-5.828696E-06
C:\Users\Markus Buchholz\Desktop\UdaCity\RoboND\RoboND-Rover-Project_MARKUS\IMG\robocam_2017_08_19_18_41_40_197.jpg;0;0;0;0;97.54265;81.7646;0.0002339984;268.9552;-5.992106E-06
C:\Users\Markus Buchholz\Desktop\UdaCity\RoboND\RoboND-Rover-Project_MARKUS\IMG\robocam_2017_08_19_18_41_40_247.jpg;0;0;0;0;97.54265;81.7646;0.0002339989;268.9552;-6.052135E-06
C:\Users\Markus Buchholz\Desktop\UdaCity\RoboND\RoboND-Rover-Project_MARKUS\IMG\robocam_2017_08_19_18_41_40_297.jpg;0;0;0;0;97.54265;81.7646;0.0002339991;268.9552;-6.072145E-06
C:\Users\Markus Buchholz\Desktop\UdaCity\RoboND\RoboND-Rover-Project_MARKUS\IMG\robocam_2017_08_19_18_41_40_351.jpg;0;0;0;0;97.54265;81.7646;0.0002339988;268.9552;-6.037128E-06
C:\Users\Markus Buchholz\Desktop\UdaCity\RoboND\RoboND-Rover-Project_MARKUS\IMG\robocam_2017_08_19_18_41_40_401.jpg;0;0;0;0;97.54265;81.7646;0.0002339976;268.9552;-5.912069E-06
C:\Users\Markus Buchholz\Desktop\UdaCity\RoboND\RoboND-Rover-Project_MARKUS\IMG\robocam_2017_08_19_18_41_40_451.jpg;0;0;0;0;97.54265;81.7646;0.0002339965;268.9552;-5.782007E-06
C:\Users\Markus Buchholz\Desktop\UdaCity\RoboND\RoboND-Rover-Project_MARKUS\IMG\robocam_2017_08_19_18_41_40_500.jpg;0;0;0;0;97.54265;81.7646;0.000233994;268.9552;-5.515214E-06
C:\Users\Markus Buchholz\Desktop\UdaCity\RoboND\RoboND-Rover-Project_MARKUS\IMG\robocam_2017_08_19_18_41_40_550.jpg;0;0;0;0;97.54265;81.7646;0.000233992;268.9552;-5.290107E-06
C:\Users\Markus Buchholz\Desktop\UdaCity\RoboND\RoboND-Rover-Project_MARKUS\IMG\robocam_2017_08_19_18_41_40_600.jpg;0;0;0;0;97.54265;81.7646;0.0002339884;268.9552;-4.898255E-06
C:\Users\Markus Buchholz\Desktop\UdaCity\RoboND\RoboND-Rover-Project_MARKUS\IMG\robocam_2017_08_19_18_41_40_651.jpg;0;0;0;0;97.54265;81.7646;0.0002339857;268.9552;-4.601447E-06
C:\Users\Markus Buchholz\Desktop\UdaCity\RoboND\RoboND-Rover-Project_MARKUS\IMG\robocam_2017_08_19_18_41_40_701.jpg;0;0;0;0;97.54265;81.7646;0.0002339812;268.9552;-4.106212E-06
C:\Users\Markus Buchholz\Desktop\UdaCity\RoboND\RoboND-Rover-Project_MARKUS\IMG\robocam_2017_08_19_18_41_40_750.jpg;0;0;0;0;97.54265;81.7646;0.0002339778;268.9552;-3.739372E-06
C:\Users\Markus Buchholz\Desktop\UdaCity\RoboND\RoboND-Rover-Project_MARKUS\IMG\robocam_2017_08_19_18_41_40_801.jpg;0;0;0;0;97.54265;81.7646;0.0002339724;268.9552;-3.144089E-06
C:\Users\Markus Buchholz\Desktop\UdaCity\RoboND\RoboND-Rover-Project_MARKUS\IMG\robocam_2017_08_19_18_41_40_851.jpg;0;0;0;0;97.54265;81.7646;0.0002339686;268.9552;-2.722223E-06
C:\Users\Markus Buchholz\Desktop\UdaCity\RoboND\RoboND-Rover-Project_MARKUS\IMG\robocam_2017_08_19_18_41_40_901.jpg;0;0;0;0;97.54265;81.7646;0.0002339624;268.9552;-2.051905E-06
C:\Users\Markus Buchholz\Desktop\UdaCity\RoboND\RoboND-Rover-Project_MARKUS\IMG\robocam_2017_08_19_18_41_40_951.jpg;1.505103;0;0;0;97.54265;81.7646;0.0002339574;269.0455;-1.831597E-06
C:\Users\Markus Buchholz\Desktop\UdaCity\RoboND\RoboND-Rover-Project_MARKUS\IMG\robocam_2017_08_19_18_41_41_001.jpg;3.766036;0;0;0;97.54265;81.7646;0.0002347997;269.5877;-2.900446E-06
C:\Users\Markus Buchholz\Desktop\UdaCity\RoboND\RoboND-Rover-Project_MARKUS\IMG\robocam_2017_08_19_18_41_41_051.jpg;6.00251;0;0;0;97.54265;81.7646;0.000235846;270.2174;-4.946811E-06
C:\Users\Markus Buchholz\Desktop\UdaCity\RoboND\RoboND-Rover-Project_MARKUS\IMG\robocam_2017_08_19_18_41_41_097.jpg;8.121971;0;0;0;97.54265;81.7646;0.0002353212;271.5605;-9.452332E-06
C:\Users\Markus Buchholz\Desktop\UdaCity\RoboND\RoboND-Rover-Project_MARKUS\IMG\robocam_2017_08_19_18_41_41_147.jpg;10.37625;0;0;0;97.54265;81.7646;0.0002360553;272.7146;-1.235942E-05
C:\Users\Markus Buchholz\Desktop\UdaCity\RoboND\RoboND-Rover-Project_MARKUS\IMG\robocam_2017_08_19_18_41_41_198.jpg;12.59377;0;0;0;97.54265;81.7646;0.000237013;274.8474;-1.80082E-05
C:\Users\Markus Buchholz\Desktop\UdaCity\RoboND\RoboND-Rover-Project_MARKUS\IMG\robocam_2017_08_19_18_41_41_247.jpg;14.83783;0;0;0;97.54265;81.7646;0.0002370342;276.5845;-2.344449E-05
C:\Users\Markus Buchholz\Desktop\UdaCity\RoboND\RoboND-Rover-Project_MARKUS\IMG\robocam_2017_08_19_18_41_41_301.jpg;15;0;0;0;97.54265;81.7646;0.0002346192;279.2845;-3.005295E-05
C:\Users\Markus Buchholz\Desktop\UdaCity\RoboND\RoboND-Rover-Project_MARKUS\IMG\robocam_2017_08_19_18_41_41_347.jpg;15;0;0;0;97.54265;81.7646;0.0002345675;281.0845;-3.352459E-05
C:\Users\Markus Buchholz\Desktop\UdaCity\RoboND\RoboND-Rover-Project_MARKUS\IMG\robocam_2017_08_19_18_41_41_397.jpg;15;0;0;0;97.54265;81.7646;0.0002330489;283.7845;-3.741742E-05
C:\Users\Markus Buchholz\Desktop\UdaCity\RoboND\RoboND-Rover-Project_MARKUS\IMG\robocam_2017_08_19_18_41_41_447.jpg;15;0;0;0;97.54265;81.7646;0.0002333944;285.5845;-4.034081E-05
C:\Users\Markus Buchholz\Desktop\UdaCity\RoboND\RoboND-Rover-Project_MARKUS\IMG\robocam_2017_08_19_18_41_41_497.jpg;15;0;0;0;97.54265;81.7646;0.0002351351;288.2845;-4.213721E-05
C:\Users\Markus Buchholz\Desktop\UdaCity\RoboND\RoboND-Rover-Project_MARKUS\IMG\robocam_2017_08_19_18_41_41_550.jpg;15;0;0;0;97.54265;81.7646;0.0002361895;290.0845;-4.331418E-05
C:\Users\Markus Buchholz\Desktop\UdaCity\RoboND\RoboND-Rover-Project_MARKUS\IMG\robocam_2017_08_19_18_41_41_597.jpg;15;0;0;0;97.54265;81.7646;0.0002390061;292.7845;-4.408646E-05
C:\Users\Markus Buchholz\Desktop\UdaCity\RoboND\RoboND-Rover-Project_MARKUS\IMG\robocam_2017_08_19_18_41_41_647.jpg;15;0;0;0;97.54265;81.7646;0.0002410135;294.5845;-4.383079E-05
C:\Users\Markus Buchholz\Desktop\UdaCity\RoboND\RoboND-Rover-Project_MARKUS\IMG\robocam_2017_08_19_18_41_41_697.jpg;15;0;0;0;97.54265;81.7646;0.0002448699;297.2845;-4.44618E-05
C:\Users\Markus Buchholz\Desktop\UdaCity\RoboND\RoboND-Rover-Project_MARKUS\IMG\robocam_2017_08_19_18_41_41_751.jpg;15;0;0;0;97.54265;81.7646;0.0002470911;299.0845;-4.45815E-05
C:\Users\Markus Buchholz\Desktop\UdaCity\RoboND\RoboND-Rover-Project_MARKUS\IMG\robocam_2017_08_19_18_41_41_801.jpg;15;0;0;0;97.54265;81.7646;0.0002491853;301.7844;-4.495123E-05
C:\Users\Markus Buchholz\Desktop\UdaCity\RoboND\RoboND-Rover-Project_MARKUS\IMG\robocam_2017_08_19_18_41_41_848.jpg;15;0;0;0;97.54265;81.7646;0.0002499495;303.5844;-4.351605E-05
C:\Users\Markus Buchholz\Desktop\UdaCity\RoboND\RoboND-Rover-Project_MARKUS\IMG\robocam_2017_08_19_18_41_41_897.jpg;15;0;0;0;97.54265;81.7646;0.0002509425;306.2844;-3.993705E-05
C:\Users\Markus Buchholz\Desktop\UdaCity\RoboND\RoboND-Rover-Project_MARKUS\IMG\robocam_2017_08_19_18_41_41_951.jpg;15;0;0;0;97.54265;81.7646;0.0002533492;308.0844;-3.793746E-05
C:\Users\Markus Buchholz\Desktop\UdaCity\RoboND\RoboND-Rover-Project_MARKUS\IMG\robocam_2017_08_19_18_41_42_001.jpg;15;0;0;0;97.54265;81.76463;0.0002572949;310.7844;-3.497626E-05
C:\Users\Markus Buchholz\Desktop\UdaCity\RoboND\RoboND-Rover-Project_MARKUS\IMG\robocam_2017_08_19_18_41_42_049.jpg;15;0;0;0;97.54265;81.76463;0.0002595606;312.5844;-3.317822E-05
C:\Users\Markus Buchholz\Desktop\UdaCity\RoboND\RoboND-Rover-Project_MARKUS\IMG\robocam_2017_08_19_18_41_42_100.jpg;15;0;0;0;97.54265;81.76463;0.0002634118;315.2844;-3.077678E-05
C:\Users\Markus Buchholz\Desktop\UdaCity\RoboND\RoboND-Rover-Project_MARKUS\IMG\robocam_2017_08_19_18_41_42_147.jpg;15;0;0;0;97.54265;81.76463;0.0002655709;317.0844;-2.903805E-05
C:\Users\Markus Buchholz\Desktop\UdaCity\RoboND\RoboND-Rover-Project_MARKUS\IMG\robocam_2017_08_19_18_41_42_197.jpg;15;0;0;0;97.54265;81.76463;0.0002695025;319.7844;-2.746237E-05
C:\Users\Markus Buchholz\Desktop\UdaCity\RoboND\RoboND-Rover-Project_MARKUS\IMG\robocam_2017_08_19_18_41_42_251.jpg;15;0;0;0;97.54265;81.76463;0.0002721263;321.5844;-2.6037E-05
C:\Users\Markus Buchholz\Desktop\UdaCity\RoboND\RoboND-Rover-Project_MARKUS\IMG\robocam_2017_08_19_18_41_42_299.jpg;15;0;0;0;97.54265;81.76463;0.0002737299;324.2842;-2.375816E-05
C:\Users\Markus Buchholz\Desktop\UdaCity\RoboND\RoboND-Rover-Project_MARKUS\IMG\robocam_2017_08_19_18_41_42_348.jpg;15;0;0;0;97.54265;81.76463;0.0002741863;326.0842;-2.234775E-05
C:\Users\Markus Buchholz\Desktop\UdaCity\RoboND\RoboND-Rover-Project_MARKUS\IMG\robocam_2017_08_19_18_41_42_397.jpg;15;0;0;0;97.54265;81.76463;0.0002764305;328.7842;-1.983319E-05
C:\Users\Markus Buchholz\Desktop\UdaCity\RoboND\RoboND-Rover-Project_MARKUS\IMG\robocam_2017_08_19_18_41_42_449.jpg;15;0;0;0;97.54265;81.76463;0.0002787595;330.5841;-1.853623E-05
C:\Users\Markus Buchholz\Desktop\UdaCity\RoboND\RoboND-Rover-Project_MARKUS\IMG\robocam_2017_08_19_18_41_42_497.jpg;15;0;0;0;97.54265;81.76463;0.0002807988;333.2841;-1.58689E-05
C:\Users\Markus Buchholz\Desktop\UdaCity\RoboND\RoboND-Rover-Project_MARKUS\IMG\robocam_2017_08_19_18_41_42_547.jpg;15;0;0;0;97.54265;81.76463;0.0002813608;335.084;-1.498394E-05
C:\Users\Markus Buchholz\Desktop\UdaCity\RoboND\RoboND-Rover-Project_MARKUS\IMG\robocam_2017_08_19_18_41_42_597.jpg;15;0;0;0;97.54265;81.76463;0.0002828713;337.784;-1.144552E-05
C:\Users\Markus Buchholz\Desktop\UdaCity\RoboND\RoboND-Rover-Project_MARKUS\IMG\robocam_2017_08_19_18_41_42_647.jpg;15;0;0;0;97.54265;81.76463;0.0002826071;339.5839;-9.225122E-06
C:\Users\Markus Buchholz\Desktop\UdaCity\RoboND\RoboND-Rover-Project_MARKUS\IMG\robocam_2017_08_19_18_41_42_697.jpg;15;0;0;0;97.54265;81.76463;0.0002841086;342.2839;-7.810265E-06
C:\Users\Markus Buchholz\Desktop\UdaCity\RoboND\RoboND-Rover-Project_MARKUS\IMG\robocam_2017_08_19_18_41_42_747.jpg;15;0;0;0;97.54265;81.76463;0.0002850968;344.0838;-7.387364E-06
C:\Users\Markus Buchholz\Desktop\UdaCity\RoboND\RoboND-Rover-Project_MARKUS\IMG\robocam_2017_08_19_18_41_42_798.jpg;15;0;0;0;97.54265;81.76463;0.0002876854;346.7838;-5.188275E-06
C:\Users\Markus Buchholz\Desktop\UdaCity\RoboND\RoboND-Rover-Project_MARKUS\IMG\robocam_2017_08_19_18_41_42_849.jpg;15;0;0;0;97.54265;81.76463;0.0002884091;348.5837;-4.128691E-06
C:\Users\Markus Buchholz\Desktop\UdaCity\RoboND\RoboND-Rover-Project_MARKUS\IMG\robocam_2017_08_19_18_41_42_897.jpg;15;0;0;0;97.54265;81.76463;0.0002887006;351.2837;-2.675142E-06
C:\Users\Markus Buchholz\Desktop\UdaCity\RoboND\RoboND-Rover-Project_MARKUS\IMG\robocam_2017_08_19_18_41_42_949.jpg;15;0;0;0;97.54265;81.76463;0.0002898774;353.0836;-2.89682E-06
C:\Users\Markus Buchholz\Desktop\UdaCity\RoboND\RoboND-Rover-Project_MARKUS\IMG\robocam_2017_08_19_18_41_42_998.jpg;15;0;0;0;97.54265;81.76463;0.0002897235;355.7835;-3.227706E-07
C:\Users\Markus Buchholz\Desktop\UdaCity\RoboND\RoboND-Rover-Project_MARKUS\IMG\robocam_2017_08_19_18_41_43_047.jpg;15;0;0;0;97.54265;81.76463;0.0002891531;357.5835;5.884415E-07
C:\Users\Markus Buchholz\Desktop\UdaCity\RoboND\RoboND-Rover-Project_MARKUS\IMG\robocam_2017_08_19_18_41_43_101.jpg;15;0;0;0;97.54265;81.76463;0.0002880526;0.2835007;2.834157E-06
C:\Users\Markus Buchholz\Desktop\UdaCity\RoboND\RoboND-Rover-Project_MARKUS\IMG\robocam_2017_08_19_18_41_43_151.jpg;15;0;0;0;97.54265;81.76463;0.0002883478;2.083511;3.922466E-06
C:\Users\Markus Buchholz\Desktop\UdaCity\RoboND\RoboND-Rover-Project_MARKUS\IMG\robocam_2017_08_19_18_41_43_199.jpg;15;0;0;0;97.54265;81.76463;0.0002871358;4.783562;4.556777E-06
C:\Users\Markus Buchholz\Desktop\UdaCity\RoboND\RoboND-Rover-Project_MARKUS\IMG\robocam_2017_08_19_18_41_43_248.jpg;15;0;0;0;97.54265;81.76463;0.0002859871;6.583565;5.708959E-06
C:\Users\Markus Buchholz\Desktop\UdaCity\RoboND\RoboND-Rover-Project_MARKUS\IMG\robocam_2017_08_19_18_41_43_297.jpg;15;0;0;0;97.54265;81.76463;0.0002853654;9.283592;8.478136E-06
C:\Users\Markus Buchholz\Desktop\UdaCity\RoboND\RoboND-Rover-Project_MARKUS\IMG\robocam_2017_08_19_18_41_43_350.jpg;15;0;0;0;97.54265;81.76463;0.0002849023;11.08364;1.0444E-05
C:\Users\Markus Buchholz\Desktop\UdaCity\RoboND\RoboND-Rover-Project_MARKUS\IMG\robocam_2017_08_19_18_41_43_397.jpg;15;0;0;0;97.54265;81.76463;0.0002837436;13.7837;1.286142E-05
C:\Users\Markus Buchholz\Desktop\UdaCity\RoboND\RoboND-Rover-Project_MARKUS\IMG\robocam_2017_08_19_18_41_43_451.jpg;15;0;0;0;97.54265;81.76463;0.0002836117;15.58379;1.353572E-05
C:\Users\Markus Buchholz\Desktop\UdaCity\RoboND\RoboND-Rover-Project_MARKUS\IMG\robocam_2017_08_19_18_41_43_501.jpg;15;0;0;0;97.54265;81.76463;0.0002828488;18.28382;1.534261E-05
C:\Users\Markus Buchholz\Desktop\UdaCity\RoboND\RoboND-Rover-Project_MARKUS\IMG\robocam_2017_08_19_18_41_43_551.jpg;15;0;0;0;97.54265;81.76463;0.0002817402;20.08385;1.622905E-05
C:\Users\Markus Buchholz\Desktop\UdaCity\RoboND\RoboND-Rover-Project_MARKUS\IMG\robocam_2017_08_19_18_41_43_602.jpg;15;0;0;0;97.54265;81.76463;0.0002809197;22.78394;1.768092E-05
C:\Users\Markus Buchholz\Desktop\UdaCity\RoboND\RoboND-Rover-Project_MARKUS\IMG\robocam_2017_08_19_18_41_43_651.jpg;15;0;0;0;97.54265;81.76463;0.0002792841;24.58399;1.789402E-05
C:\Users\Markus Buchholz\Desktop\UdaCity\RoboND\RoboND-Rover-Project_MARKUS\IMG\robocam_2017_08_19_18_41_43_698.jpg;15;0;0;0;97.54265;81.76463;0.0002776533;27.28407;1.860391E-05
C:\Users\Markus Buchholz\Desktop\UdaCity\RoboND\RoboND-Rover-Project_MARKUS\IMG\robocam_2017_08_19_18_41_43_747.jpg;15;0;0;0;97.54265;81.76463;0.0002764573;29.0841;1.858522E-05
C:\Users\Markus Buchholz\Desktop\UdaCity\RoboND\RoboND-Rover-Project_MARKUS\IMG\robocam_2017_08_19_18_41_43_797.jpg;15;0;0;0;97.54265;81.76463;0.000275328;31.78411;1.819941E-05
C:\Users\Markus Buchholz\Desktop\UdaCity\RoboND\RoboND-Rover-Project_MARKUS\IMG\robocam_2017_08_19_18_41_43_848.jpg;15;0;0;0;97.54264;81.76463;0.0002742975;33.58411;1.808939E-05
C:\Users\Markus Buchholz\Desktop\UdaCity\RoboND\RoboND-Rover-Project_MARKUS\IMG\robocam_2017_08_19_18_41_43_901.jpg;15;0;0;0;97.54264;81.76463;0.000273331;36.2841;1.717579E-05
C:\Users\Markus Buchholz\Desktop\UdaCity\RoboND\RoboND-Rover-Project_MARKUS\IMG\robocam_2017_08_19_18_41_43_952.jpg;15;0;0;0;97.54264;81.76463;0.0002726174;38.08412;1.692846E-05
C:\Users\Markus Buchholz\Desktop\UdaCity\RoboND\RoboND-Rover-Project_MARKUS\IMG\robocam_2017_08_19_18_41_43_999.jpg;15;0;0;0;97.54264;81.76463;0.0002714033;40.78417;1.736795E-05
C:\Users\Markus Buchholz\Desktop\UdaCity\RoboND\RoboND-Rover-Project_MARKUS\IMG\robocam_2017_08_19_18_41_44_049.jpg;15;0;0;0;97.54264;81.76463;0.0002701256;42.58421;1.715714E-05
C:\Users\Markus Buchholz\Desktop\UdaCity\RoboND\RoboND-Rover-Project_MARKUS\IMG\robocam_2017_08_19_18_41_44_097.jpg;15;0;0;0;97.54264;81.76463;0.000267786;45.28426;1.655655E-05
C:\Users\Markus Buchholz\Desktop\UdaCity\RoboND\RoboND-Rover-Project_MARKUS\IMG\robocam_2017_08_19_18_41_44_149.jpg;15;0;0;0;97.54264;81.76463;0.0002659706;47.08426;1.555894E-05
C:\Users\Markus Buchholz\Desktop\UdaCity\RoboND\RoboND-Rover-Project_MARKUS\IMG\robocam_2017_08_19_18_41_44_199.jpg;15;0;0;0;97.54264;81.76463;0.0002646556;49.78428;1.512093E-05
C:\Users\Markus Buchholz\Desktop\UdaCity\RoboND\RoboND-Rover-Project_MARKUS\IMG\robocam_2017_08_19_18_41_44_249.jpg;15;0;0;0;97.54264;81.76463;0.0002639458;51.5843;1.476832E-05
C:\Users\Markus Buchholz\Desktop\UdaCity\RoboND\RoboND-Rover-Project_MARKUS\IMG\robocam_2017_08_19_18_41_44_298.jpg;15;0;0;0;97.54264;81.76463;0.0002614562;54.2843;1.365377E-05
C:\Users\Markus Buchholz\Desktop\UdaCity\RoboND\RoboND-Rover-Project_MARKUS\IMG\robocam_2017_08_19_18_41_44_348.jpg;15;0;0;0;97.54264;81.76463;0.0002604069;56.0843;1.352113E-05
C:\Users\Markus Buchholz\Desktop\UdaCity\RoboND\RoboND-Rover-Project_MARKUS\IMG\robocam_2017_08_19_18_41_44_397.jpg;15;0;0;0;97.54264;81.76463;0.0002594362;58.78434;1.291499E-05
C:\Users\Markus Buchholz\Desktop\UdaCity\RoboND\RoboND-Rover-Project_MARKUS\IMG\robocam_2017_08_19_18_41_44_447.jpg;15;0;0;0;97.54264;81.76463;0.0002584624;60.58436;1.245482E-05
C:\Users\Markus Buchholz\Desktop\UdaCity\RoboND\RoboND-Rover-Project_MARKUS\IMG\robocam_2017_08_19_18_41_44_498.jpg;15;0;0;0;97.54264;81.76463;0.0002573324;63.28436;1.119645E-05
C:\Users\Markus Buchholz\Desktop\UdaCity\RoboND\RoboND-Rover-Project_MARKUS\IMG\robocam_2017_08_19_18_41_44_548.jpg;15;0;0;0;97.54264;81.76463;0.0002572874;65.08437;1.069068E-05
C:\Users\Markus Buchholz\Desktop\UdaCity\RoboND\RoboND-Rover-Project_MARKUS\IMG\robocam_2017_08_19_18_41_44_597.jpg;15;0;0;0;97.54264;81.76463;0.0002564466;67.78439;9.455654E-06
C:\Users\Markus Buchholz\Desktop\UdaCity\RoboND\RoboND-Rover-Project_MARKUS\IMG\robocam_2017_08_19_18_41_44_647.jpg;15;0;0;0;97.54264;81.76463;0.0002571077;69.5844;9.509471E-06
C:\Users\Markus Buchholz\Desktop\UdaCity\RoboND\RoboND-Rover-Project_MARKUS\IMG\robocam_2017_08_19_18_41_44_699.jpg;15;0;0;0;97.54264;81.76463;0.0002562143;72.28442;8.605874E-06
C:\Users\Markus Buchholz\Desktop\UdaCity\RoboND\RoboND-Rover-Project_MARKUS\IMG\robocam_2017_08_19_18_41_44_747.jpg;15;0;0;0;97.54264;81.76463;0.0002557067;74.08442;8.455091E-06
C:\Users\Markus Buchholz\Desktop\UdaCity\RoboND\RoboND-Rover-Project_MARKUS\IMG\robocam_2017_08_19_18_41_44_798.jpg;15;0;0;0;97.54264;81.76463;0.0002552109;76.78442;7.580095E-06
C:\Users\Markus Buchholz\Desktop\UdaCity\RoboND\RoboND-Rover-Project_MARKUS\IMG\robocam_2017_08_19_18_41_44_849.jpg;15;0;0;0;97.54264;81.76463;0.0002560693;78.58443;6.958955E-06
C:\Users\Markus Buchholz\Desktop\UdaCity\RoboND\RoboND-Rover-Project_MARKUS\IMG\robocam_2017_08_19_18_41_44_899.jpg;15;0;0;0;97.54264;81.76463;0.0002557492;81.28443;6.739189E-06
C:\Users\Markus Buchholz\Desktop\UdaCity\RoboND\RoboND-Rover-Project_MARKUS\IMG\robocam_2017_08_19_18_41_44_949.jpg;15;0;0;0;97.54264;81.76463;0.0002555947;83.08443;6.00845E-06
C:\Users\Markus Buchholz\Desktop\UdaCity\RoboND\RoboND-Rover-Project_MARKUS\IMG\robocam_2017_08_19_18_41_44_999.jpg;15;0;0;0;97.54264;81.76463;0.0002561984;85.78443;5.471167E-06
C:\Users\Markus Buchholz\Desktop\UdaCity\RoboND\RoboND-Rover-Project_MARKUS\IMG\robocam_2017_08_19_18_41_45_047.jpg;15;0;0;0;97.54264;81.76463;0.0002550769;87.58443;4.543814E-06
C:\Users\Markus Buchholz\Desktop\UdaCity\RoboND\RoboND-Rover-Project_MARKUS\IMG\robocam_2017_08_19_18_41_45_097.jpg;15;0;0;0;97.54264;81.76463;0.0002550689;90.28442;3.834611E-06
C:\Users\Markus Buchholz\Desktop\UdaCity\RoboND\RoboND-Rover-Project_MARKUS\IMG\robocam_2017_08_19_18_41_45_148.jpg;15;0;0;0;97.54264;81.76463;0.000255387;92.08444;3.129265E-06
C:\Users\Markus Buchholz\Desktop\UdaCity\RoboND\RoboND-Rover-Project_MARKUS\IMG\robocam_2017_08_19_18_41_45_197.jpg;15;0;0;0;97.54264;81.76463;0.0002568493;94.78442;2.080882E-06
C:\Users\Markus Buchholz\Desktop\UdaCity\RoboND\RoboND-Rover-Project_MARKUS\IMG\robocam_2017_08_19_18_41_45_247.jpg;15;0;0;0;97.54264;81.76463;0.0002572538;96.58444;9.894312E-07
C:\Users\Markus Buchholz\Desktop\UdaCity\RoboND\RoboND-Rover-Project_MARKUS\IMG\robocam_2017_08_19_18_41_45_298.jpg;15;0;0;0;97.54264;81.76463;0.0002580647;99.28442;2.322959E-07
C:\Users\Markus Buchholz\Desktop\UdaCity\RoboND\RoboND-Rover-Project_MARKUS\IMG\robocam_2017_08_19_18_41_45_348.jpg;15;0;0;0;97.54264;81.76463;0.0002577807;101.0844;-1.910263E-07
C:\Users\Markus Buchholz\Desktop\UdaCity\RoboND\RoboND-Rover-Project_MARKUS\IMG\robocam_2017_08_19_18_41_45_398.jpg;15;0;0;0;97.54264;81.76463;0.0002578454;103.7844;-1.349713E-06
C:\Users\Markus Buchholz\Desktop\UdaCity\RoboND\RoboND-Rover-Project_MARKUS\IMG\robocam_2017_08_19_18_41_45_447.jpg;15;0;0;0;97.54264;81.76463;0.0002577195;105.5844;-1.12135E-06
C:\Users\Markus Buchholz\Desktop\UdaCity\RoboND\RoboND-Rover-Project_MARKUS\IMG\robocam_2017_08_19_18_41_45_498.jpg;15;0;0;0;97.54264;81.76463;0.0002574924;108.2844;-1.983493E-06
C:\Users\Markus Buchholz\Desktop\UdaCity\RoboND\RoboND-Rover-Project_MARKUS\IMG\robocam_2017_08_19_18_41_45_548.jpg;15;0;0;0;97.54264;81.76463;0.0002582193;110.0844;-2.049087E-06
C:\Users\Markus Buchholz\Desktop\UdaCity\RoboND\RoboND-Rover-Project_MARKUS\IMG\robocam_2017_08_19_18_41_45_598.jpg;15;0;0;0;97.54264;81.76463;0.0002593744;112.7844;-2.972855E-06
C:\Users\Markus Buchholz\Desktop\UdaCity\RoboND\RoboND-Rover-Project_MARKUS\IMG\robocam_2017_08_19_18_41_45_648.jpg;15;0;0;0;97.54264;81.76463;0.0002600409;114.5844;-3.467934E-06
C:\Users\Markus Buchholz\Desktop\UdaCity\RoboND\RoboND-Rover-Project_MARKUS\IMG\robocam_2017_08_19_18_41_45_704.jpg;15;0;0;0;97.54264;81.76463;0.0002611637;117.2843;-4.082802E-06
C:\Users\Markus Buchholz\Desktop\UdaCity\RoboND\RoboND-Rover-Project_MARKUS\IMG\robocam_2017_08_19_18_41_45_750.jpg;15;0;0;0;97.54264;81.76463;0.0002617528;119.0843;-3.786718E-06
C:\Users\Markus Buchholz\Desktop\UdaCity\RoboND\RoboND-Rover-Project_MARKUS\IMG\robocam_2017_08_19_18_41_45_798.jpg;15;0;0;0;97.54264;81.76463;0.000261357;121.7843;-2.839765E-06
C:\Users\Markus Buchholz\Desktop\UdaCity\RoboND\RoboND-Rover-Project_MARKUS\IMG\robocam_2017_08_19_18_41_45_853.jpg;15;0;0;0;97.54264;81.76463;0.0002621509;123.5843;-3.082788E-06
C:\Users\Markus Buchholz\Desktop\UdaCity\RoboND\RoboND-Rover-Project_MARKUS\IMG\robocam_2017_08_19_18_41_45_900.jpg;15;0;0;0;97.54264;81.76464;0.0002611699;126.2843;-2.414468E-06
C:\Users\Markus Buchholz\Desktop\UdaCity\RoboND\RoboND-Rover-Project_MARKUS\IMG\robocam_2017_08_19_18_41_45_948.jpg;15;0;0;0;97.54264;81.76464;0.0002614403;128.0842;-2.287267E-06
C:\Users\Markus Buchholz\Desktop\UdaCity\RoboND\RoboND-Rover-Project_MARKUS\IMG\robocam_2017_08_19_18_41_45_998.jpg;15;0;0;0;97.54264;81.76464;0.0002617911;130.7842;-2.133672E-06
C:\Users\Markus Buchholz\Desktop\UdaCity\RoboND\RoboND-Rover-Project_MARKUS\IMG\robocam_2017_08_19_18_41_46_048.jpg;15;0;0;0;97.54264;81.76464;0.000261635;132.5842;-1.571311E-06
C:\Users\Markus Buchholz\Desktop\UdaCity\RoboND\RoboND-Rover-Project_MARKUS\IMG\robocam_2017_08_19_18_41_46_097.jpg;15;0;0;0;97.54264;81.76464;0.0002627489;135.2841;-1.480614E-06
C:\Users\Markus Buchholz\Desktop\UdaCity\RoboND\RoboND-Rover-Project_MARKUS\IMG\robocam_2017_08_19_18_41_46_148.jpg;15;0;0;0;97.54264;81.76464;0.0002633714;137.0841;-1.304664E-06
C:\Users\Markus Buchholz\Desktop\UdaCity\RoboND\RoboND-Rover-Project_MARKUS\IMG\robocam_2017_08_19_18_41_46_198.jpg;15;0;0;0;97.54264;81.76464;0.0002642358;139.7841;-1.017126E-06
C:\Users\Markus Buchholz\Desktop\UdaCity\RoboND\RoboND-Rover-Project_MARKUS\IMG\robocam_2017_08_19_18_41_46_248.jpg;15;0;0;0;97.54264;81.76464;0.0002648986;141.5841;-1.066233E-06
C:\Users\Markus Buchholz\Desktop\UdaCity\RoboND\RoboND-Rover-Project_MARKUS\IMG\robocam_2017_08_19_18_41_46_303.jpg;15;0;0;0;97.54264;81.76464;0.0002661347;144.2841;-6.755046E-07
C:\Users\Markus Buchholz\Desktop\UdaCity\RoboND\RoboND-Rover-Project_MARKUS\IMG\robocam_2017_08_19_18_41_46_350.jpg;15;0;0;0;97.54266;81.76464;0.0002669176;146.0841;-5.800517E-07
C:\Users\Markus Buchholz\Desktop\UdaCity\RoboND\RoboND-Rover-Project_MARKUS\IMG\robocam_2017_08_19_18_41_46_398.jpg;15;0;0;0;97.54266;81.76464;0.0002670749;148.7841;-3.920902E-07
C:\Users\Markus Buchholz\Desktop\UdaCity\RoboND\RoboND-Rover-Project_MARKUS\IMG\robocam_2017_08_19_18_41_46_453.jpg;15;0;0;0;97.54266;81.76464;0.0002675401;150.584;-3.083751E-07
C:\Users\Markus Buchholz\Desktop\UdaCity\RoboND\RoboND-Rover-Project_MARKUS\IMG\robocam_2017_08_19_18_41_46_498.jpg;15;0;0;0;97.54266;81.76464;0.0002683229;153.2839;5.027723E-07
C:\Users\Markus Buchholz\Desktop\UdaCity\RoboND\RoboND-Rover-Project_MARKUS\IMG\robocam_2017_08_19_18_41_46_548.jpg;15;0;0;0;97.54266;81.76464;0.0002684828;155.084;3.477053E-07
C:\Users\Markus Buchholz\Desktop\UdaCity\RoboND\RoboND-Rover-Project_MARKUS\IMG\robocam_2017_08_19_18_41_46_598.jpg;15;0;0;0;97.54266;81.76464;0.0002688784;157.7839;-8.882184E-07
C:\Users\Markus Buchholz\Desktop\UdaCity\RoboND\RoboND-Rover-Project_MARKUS\IMG\robocam_2017_08_19_18_41_46_647.jpg;15;0;0;0;97.54266;81.76464;0.0002697917;159.5839;-1.230296E-06
C:\Users\Markus Buchholz\Desktop\UdaCity\RoboND\RoboND-Rover-Project_MARKUS\IMG\robocam_2017_08_19_18_41_46_698.jpg;15;0;0;0;97.54266;81.76464;0.0002707755;162.2838;-9.798413E-07
C:\Users\Markus Buchholz\Desktop\UdaCity\RoboND\RoboND-Rover-Project_MARKUS\IMG\robocam_2017_08_19_18_41_46_747.jpg;15;0;0;0;97.54266;81.76464;0.0002712736;164.0837;-1.634306E-06
C:\Users\Markus Buchholz\Desktop\UdaCity\RoboND\RoboND-Rover-Project_MARKUS\IMG\robocam_2017_08_19_18_41_46_798.jpg;15;0;0;0;97.54266;81.76464;0.0002702085;166.7837;-1.552246E-06
C:\Users\Markus Buchholz\Desktop\UdaCity\RoboND\RoboND-Rover-Project_MARKUS\IMG\robocam_2017_08_19_18_41_46_853.jpg;15;0;0;0;97.54266;81.76464;0.0002684686;168.5837;-1.386197E-06
C:\Users\Markus Buchholz\Desktop\UdaCity\RoboND\RoboND-Rover-Project_MARKUS\IMG\robocam_2017_08_19_18_41_46_898.jpg;15;0;0;0;97.54266;81.76464;0.0002671762;171.2837;-2.238133E-07
C:\Users\Markus Buchholz\Desktop\UdaCity\RoboND\RoboND-Rover-Project_MARKUS\IMG\robocam_2017_08_19_18_41_46_948.jpg;15;0;0;0;97.54266;81.76464;0.0002665812;173.0837;3.520045E-07
C:\Users\Markus Buchholz\Desktop\UdaCity\RoboND\RoboND-Rover-Project_MARKUS\IMG\robocam_2017_08_19_18_41_46_997.jpg;15;0;0;0;97.54266;81.76464;0.0002653763;175.7837;1.830488E-06
C:\Users\Markus Buchholz\Desktop\UdaCity\RoboND\RoboND-Rover-Project_MARKUS\IMG\robocam_2017_08_19_18_41_47_047.jpg;15;0;0;0;97.54266;81.76464;0.0002650299;177.5837;2.721143E-06
C:\Users\Markus Buchholz\Desktop\UdaCity\RoboND\RoboND-Rover-Project_MARKUS\IMG\robocam_2017_08_19_18_41_47_097.jpg;15;0;0;0;97.54266;81.76464;0.0002648897;180.2836;4.626891E-06
C:\Users\Markus Buchholz\Desktop\UdaCity\RoboND\RoboND-Rover-Project_MARKUS\IMG\robocam_2017_08_19_18_41_47_148.jpg;15;0;0;0;97.54266;81.76464;0.0002650547;182.0836;4.640935E-06
C:\Users\Markus Buchholz\Desktop\UdaCity\RoboND\RoboND-Rover-Project_MARKUS\IMG\robocam_2017_08_19_18_41_47_197.jpg;15;0;0;0;97.54266;81.76464;0.0002643785;184.7836;5.474594E-06
C:\Users\Markus Buchholz\Desktop\UdaCity\RoboND\RoboND-Rover-Project_MARKUS\IMG\robocam_2017_08_19_18_41_47_247.jpg;15;0;0;0;97.54266;81.76464;0.0002635717;186.5836;5.815316E-06
C:\Users\Markus Buchholz\Desktop\UdaCity\RoboND\RoboND-Rover-Project_MARKUS\IMG\robocam_2017_08_19_18_41_47_298.jpg;15;0;0;0;97.54266;81.76464;0.0002642515;189.2836;5.801013E-06
C:\Users\Markus Buchholz\Desktop\UdaCity\RoboND\RoboND-Rover-Project_MARKUS\IMG\robocam_2017_08_19_18_41_47_348.jpg;15;0;0;0;97.54266;81.76464;0.0002642952;191.0836;6.537563E-06
C:\Users\Markus Buchholz\Desktop\UdaCity\RoboND\RoboND-Rover-Project_MARKUS\IMG\robocam_2017_08_19_18_41_47_397.jpg;14.2726;0;0;0;97.54266;81.76464;0.000263842;193.74;7.830549E-06
C:\Users\Markus Buchholz\Desktop\UdaCity\RoboND\RoboND-Rover-Project_MARKUS\IMG\robocam_2017_08_19_18_41_47_447.jpg;11.98172;0;0;0;97.54266;81.76464;0.0002635716;195.2256;8.7338E-06
C:\Users\Markus Buchholz\Desktop\UdaCity\RoboND\RoboND-Rover-Project_MARKUS\IMG\robocam_2017_08_19_18_41_47_497.jpg;9.767099;0;0;0;97.54266;81.76464;0.0002636283;197.1193;1.127475E-05
C:\Users\Markus Buchholz\Desktop\UdaCity\RoboND\RoboND-Rover-Project_MARKUS\IMG\robocam_2017_08_19_18_41_47_548.jpg;7.524191;0;0;0;97.54266;81.76464;0.0002637013;198.0668;1.510647E-05
C:\Users\Markus Buchholz\Desktop\UdaCity\RoboND\RoboND-Rover-Project_MARKUS\IMG\robocam_2017_08_19_18_41_47_602.jpg;5.242273;0;0;0;97.54266;81.76464;0.000264655;199.1475;2.195642E-05
C:\Users\Markus Buchholz\Desktop\UdaCity\RoboND\RoboND-Rover-Project_MARKUS\IMG\robocam_2017_08_19_18_41_47_650.jpg;2.841302;0;0;0;97.54266;81.76464;0.0002642992;199.5786;2.750201E-05
C:\Users\Markus Buchholz\Desktop\UdaCity\RoboND\RoboND-Rover-Project_MARKUS\IMG\robocam_2017_08_19_18_41_47_700.jpg;0.6765037;0;0;0;97.54266;81.76464;0.0002641833;199.8356;3.570264E-05
C:\Users\Markus Buchholz\Desktop\UdaCity\RoboND\RoboND-Rover-Project_MARKUS\IMG\robocam_2017_08_19_18_41_47_747.jpg;0;0;0;0;97.54266;81.76464;0.0002639131;199.8356;4.072944E-05
C:\Users\Markus Buchholz\Desktop\UdaCity\RoboND\RoboND-Rover-Project_MARKUS\IMG\robocam_2017_08_19_18_41_47_802.jpg;0;0;0;0;97.54266;81.76464;0.0002632821;199.8356;4.719825E-05
C:\Users\Markus Buchholz\Desktop\UdaCity\RoboND\RoboND-Rover-Project_MARKUS\IMG\robocam_2017_08_19_18_41_47_847.jpg;0;0;0;0;97.54266;81.76464;0.000262568;199.8356;5.100033E-05
C:\Users\Markus Buchholz\Desktop\UdaCity\RoboND\RoboND-Rover-Project_MARKUS\IMG\robocam_2017_08_19_18_41_47_897.jpg;0;0;0;0;97.54266;81.76464;0.0002601664;199.8355;5.479102E-05
C:\Users\Markus Buchholz\Desktop\UdaCity\RoboND\RoboND-Rover-Project_MARKUS\IMG\robocam_2017_08_19_18_41_47_947.jpg;0;0;0;0;97.54266;81.76464;0.000258555;199.8355;5.652834E-05
C:\Users\Markus Buchholz\Desktop\UdaCity\RoboND\RoboND-Rover-Project_MARKUS\IMG\robocam_2017_08_19_18_41_47_997.jpg;0;0;0;0;97.54266;81.76464;0.0002563749;199.8355;5.851831E-05
C:\Users\Markus Buchholz\Desktop\UdaCity\RoboND\RoboND-Rover-Project_MARKUS\IMG\robocam_2017_08_19_18_41_48_051.jpg;0;0;0;0;97.54266;81.76464;0.0002546688;199.8355;5.927626E-05
C:\Users\Markus Buchholz\Desktop\UdaCity\RoboND\RoboND-Rover-Project_MARKUS\IMG\robocam_2017_08_19_18_41_48_102.jpg;0;0;0;0;97.54266;81.76464;0.0002519147;199.8355;5.929815E-05
C:\Users\Markus Buchholz\Desktop\UdaCity\RoboND\RoboND-Rover-Project_MARKUS\IMG\robocam_2017_08_19_18_41_48_147.jpg;0;0;0;0;97.54266;81.76464;0.0002499487;199.8355;5.856939E-05
C:\Users\Markus Buchholz\Desktop\UdaCity\RoboND\RoboND-Rover-Project_MARKUS\IMG\robocam_2017_08_19_18_41_48_197.jpg;0;0;0;0;97.54266;81.76464;0.0002466206;199.8355;5.662321E-05
C:\Users\Markus Buchholz\Desktop\UdaCity\RoboND\RoboND-Rover-Project_MARKUS\IMG\robocam_2017_08_19_18_41_48_247.jpg;0;0;0;0;97.54266;81.76464;0.000244744;199.8355;5.465308E-05
C:\Users\Markus Buchholz\Desktop\UdaCity\RoboND\RoboND-Rover-Project_MARKUS\IMG\robocam_2017_08_19_18_41_48_297.jpg;0;0;0;0;97.54266;81.76464;0.0002416021;199.8355;5.114219E-05
C:\Users\Markus Buchholz\Desktop\UdaCity\RoboND\RoboND-Rover-Project_MARKUS\IMG\robocam_2017_08_19_18_41_48_348.jpg;0;0;0;0;97.54266;81.76464;0.0002392108;199.8355;4.841935E-05
C:\Users\Markus Buchholz\Desktop\UdaCity\RoboND\RoboND-Rover-Project_MARKUS\IMG\robocam_2017_08_19_18_41_48_397.jpg;0;0;0;0;97.54266;81.76464;0.0002363942;199.8355;4.370245E-05
C:\Users\Markus Buchholz\Desktop\UdaCity\RoboND\RoboND-Rover-Project_MARKUS\IMG\robocam_2017_08_19_18_41_48_447.jpg;0;0;0;0;97.54266;81.76464;0.0002349656;199.8355;4.035163E-05
C:\Users\Markus Buchholz\Desktop\UdaCity\RoboND\RoboND-Rover-Project_MARKUS\IMG\robocam_2017_08_19_18_41_48_502.jpg;0;0;0;0;97.54266;81.76464;0.0002335318;199.8356;3.478009E-05
C:\Users\Markus Buchholz\Desktop\UdaCity\RoboND\RoboND-Rover-Project_MARKUS\IMG\robocam_2017_08_19_18_41_48_547.jpg;0;0;0;0;97.54266;81.76464;0.0002322093;199.8356;3.072125E-05
C:\Users\Markus Buchholz\Desktop\UdaCity\RoboND\RoboND-Rover-Project_MARKUS\IMG\robocam_2017_08_19_18_41_48_597.jpg;0;0;0;0;97.54266;81.76464;0.0002302421;199.8356;2.516636E-05
C:\Users\Markus Buchholz\Desktop\UdaCity\RoboND\RoboND-Rover-Project_MARKUS\IMG\robocam_2017_08_19_18_41_48_647.jpg;0;0;0;0;97.54266;81.76464;0.0002290589;199.8356;2.14662E-05
C:\Users\Markus Buchholz\Desktop\UdaCity\RoboND\RoboND-Rover-Project_MARKUS\IMG\robocam_2017_08_19_18_41_48_697.jpg;0;0;0;0;97.54266;81.76464;0.0002277997;199.8356;1.601734E-05
C:\Users\Markus Buchholz\Desktop\UdaCity\RoboND\RoboND-Rover-Project_MARKUS\IMG\robocam_2017_08_19_18_41_48_747.jpg;0;0;0;0;97.54266;81.76464;0.0002270625;199.8356;1.22392E-05
C:\Users\Markus Buchholz\Desktop\UdaCity\RoboND\RoboND-Rover-Project_MARKUS\IMG\robocam_2017_08_19_18_41_48_798.jpg;0;0;0;0;97.54266;81.76464;0.00022611;199.8356;6.353667E-06
C:\Users\Markus Buchholz\Desktop\UdaCity\RoboND\RoboND-Rover-Project_MARKUS\IMG\robocam_2017_08_19_18_41_48_847.jpg;0;0;0;0;97.54266;81.76464;0.0002255381;199.8356;3.082892E-06
C:\Users\Markus Buchholz\Desktop\UdaCity\RoboND\RoboND-Rover-Project_MARKUS\IMG\robocam_2017_08_19_18_41_48_897.jpg;0;0;0;0;97.54266;81.76464;0.0002247916;199.8356;-3.105703E-07
C:\Users\Markus Buchholz\Desktop\UdaCity\RoboND\RoboND-Rover-Project_MARKUS\IMG\robocam_2017_08_19_18_41_48_947.jpg;0;0;0;0;97.54266;81.76464;0.0002247084;199.8356;-2.977317E-06
C:\Users\Markus Buchholz\Desktop\UdaCity\RoboND\RoboND-Rover-Project_MARKUS\IMG\robocam_2017_08_19_18_41_49_002.jpg;0;0;0;0;97.54266;81.76464;0.0002248892;199.8356;-6.762746E-06
C:\Users\Markus Buchholz\Desktop\UdaCity\RoboND\RoboND-Rover-Project_MARKUS\IMG\robocam_2017_08_19_18_41_49_051.jpg;0;0;0;0;97.54266;81.76464;0.0002251553;199.8356;-9.184138E-06
C:\Users\Markus Buchholz\Desktop\UdaCity\RoboND\RoboND-Rover-Project_MARKUS\IMG\robocam_2017_08_19_18_41_49_102.jpg;0;0;0;0;97.54266;81.76464;0.0002257728;199.8356;-1.266287E-05
C:\Users\Markus Buchholz\Desktop\UdaCity\RoboND\RoboND-Rover-Project_MARKUS\IMG\robocam_2017_08_19_18_41_49_151.jpg;0;0;0;0;97.54266;81.76464;0.0002263882;199.8356;-1.483891E-05
C:\Users\Markus Buchholz\Desktop\UdaCity\RoboND\RoboND-Rover-Project_MARKUS\IMG\robocam_2017_08_19_18_41_49_197.jpg;0;0;0;0;97.54266;81.76464;0.000227301;199.8356;-1.706694E-05
C:\Users\Markus Buchholz\Desktop\UdaCity\RoboND\RoboND-Rover-Project_MARKUS\IMG\robocam_2017_08_19_18_41_49_247.jpg;0;0;0;0;97.54266;81.76464;0.0002280277;199.8356;-1.773026E-05
C:\Users\Markus Buchholz\Desktop\UdaCity\RoboND\RoboND-Rover-Project_MARKUS\IMG\robocam_2017_08_19_18_41_49_297.jpg;0;0;0;0;97.54266;81.76464;0.0002293751;199.8356;-1.834889E-05
C:\Users\Markus Buchholz\Desktop\UdaCity\RoboND\RoboND-Rover-Project_MARKUS\IMG\robocam_2017_08_19_18_41_49_348.jpg;0;0;0;0;97.54266;81.76464;0.0002303545;199.8356;-1.844353E-05
C:\Users\Markus Buchholz\Desktop\UdaCity\RoboND\RoboND-Rover-Project_MARKUS\IMG\robocam_2017_08_19_18_41_49_397.jpg;0;0;0;0;97.54266;81.76464;0.0002319192;199.8356;-1.825746E-05
C:\Users\Markus Buchholz\Desktop\UdaCity\RoboND\RoboND-Rover-Project_MARKUS\IMG\robocam_2017_08_19_18_41_49_447.jpg;-0.7460005;0;0;0;97.54266;81.76464;0.000232141;199.7908;-1.791552E-05
C:\Users\Markus Buchholz\Desktop\UdaCity\RoboND\RoboND-Rover-Project_MARKUS\IMG\robocam_2017_08_19_18_41_49_501.jpg;-3.178233;0;0;0;97.54266;81.76464;0.0002317011;199.3756;-1.710236E-05
C:\Users\Markus Buchholz\Desktop\UdaCity\RoboND\RoboND-Rover-Project_MARKUS\IMG\robocam_2017_08_19_18_41_49_548.jpg;-5.256577;0;0;0;97.54266;81.76464;0.0002310649;198.79;-1.546174E-05
C:\Users\Markus Buchholz\Desktop\UdaCity\RoboND\RoboND-Rover-Project_MARKUS\IMG\robocam_2017_08_19_18_41_49_597.jpg;-7.489954;0;0;0;97.54266;81.76464;0.0002316716;197.5752;-1.038233E-05
C:\Users\Markus Buchholz\Desktop\UdaCity\RoboND\RoboND-Rover-Project_MARKUS\IMG\robocam_2017_08_19_18_41_49_647.jpg;-9.743951;0;0;0;97.54266;81.76464;0.0002320865;196.4513;-6.047578E-06
C:\Users\Markus Buchholz\Desktop\UdaCity\RoboND\RoboND-Rover-Project_MARKUS\IMG\robocam_2017_08_19_18_41_49_702.jpg;-12.00071;0;0;0;97.54266;81.76464;0.0002322635;194.427;8.769236E-07
C:\Users\Markus Buchholz\Desktop\UdaCity\RoboND\RoboND-Rover-Project_MARKUS\IMG\robocam_2017_08_19_18_41_49_752.jpg;-14.42303;0;0;0;97.54266;81.76464;0.000232273;192.7857;6.711339E-06
C:\Users\Markus Buchholz\Desktop\UdaCity\RoboND\RoboND-Rover-Project_MARKUS\IMG\robocam_2017_08_19_18_41_49_800.jpg;-15;0;0;0;97.54266;81.76464;0.0002313418;190.0857;1.552033E-05
C:\Users\Markus Buchholz\Desktop\UdaCity\RoboND\RoboND-Rover-Project_MARKUS\IMG\robocam_2017_08_19_18_41_49_847.jpg;-15;0;0;0;97.54266;81.76464;0.0002308594;188.2857;2.18421E-05
C:\Users\Markus Buchholz\Desktop\UdaCity\RoboND\RoboND-Rover-Project_MARKUS\IMG\robocam_2017_08_19_18_41_49_902.jpg;-15;0;0;0;97.54266;81.76464;0.0002301092;185.5856;2.762301E-05
C:\Users\Markus Buchholz\Desktop\UdaCity\RoboND\RoboND-Rover-Project_MARKUS\IMG\robocam_2017_08_19_18_41_49_952.jpg;-15;0;0;0;97.54266;81.76464;0.0002299766;183.7856;3.2756E-05
C:\Users\Markus Buchholz\Desktop\UdaCity\RoboND\RoboND-Rover-Project_MARKUS\IMG\robocam_2017_08_19_18_41_49_998.jpg;-15;0;0;0;97.54266;81.76464;0.0002297655;181.0856;3.798582E-05
C:\Users\Markus Buchholz\Desktop\UdaCity\RoboND\RoboND-Rover-Project_MARKUS\IMG\robocam_2017_08_19_18_41_50_047.jpg;-15;0;0;0;97.54266;81.76464;0.0002292391;179.2856;4.014274E-05
C:\Users\Markus Buchholz\Desktop\UdaCity\RoboND\RoboND-Rover-Project_MARKUS\IMG\robocam_2017_08_19_18_41_50_097.jpg;-15;0;0;0;97.54266;81.76464;0.0002299943;176.5855;4.284373E-05
C:\Users\Markus Buchholz\Desktop\UdaCity\RoboND\RoboND-Rover-Project_MARKUS\IMG\robocam_2017_08_19_18_41_50_147.jpg;-15;0;0;0;97.54266;81.76464;0.0002291911;174.7855;4.365402E-05
C:\Users\Markus Buchholz\Desktop\UdaCity\RoboND\RoboND-Rover-Project_MARKUS\IMG\robocam_2017_08_19_18_41_50_202.jpg;-15;0;0;0;97.54266;81.76464;0.0002299636;172.0855;4.444676E-05
C:\Users\Markus Buchholz\Desktop\UdaCity\RoboND\RoboND-Rover-Project_MARKUS\IMG\robocam_2017_08_19_18_41_50_249.jpg;-12.75564;0;0;0;97.54266;81.76464;0.0002307632;170.465;4.450956E-05
C:\Users\Markus Buchholz\Desktop\UdaCity\RoboND\RoboND-Rover-Project_MARKUS\IMG\robocam_2017_08_19_18_41_50_302.jpg;-10.67556;0;0;0;97.54266;81.76464;0.0002330138;168.4112;4.198941E-05
C:\Users\Markus Buchholz\Desktop\UdaCity\RoboND\RoboND-Rover-Project_MARKUS\IMG\robocam_2017_08_19_18_41_50_350.jpg;-8.222744;0;0;0;97.54266;81.76464;0.0002351777;167.3328;3.898062E-05
C:\Users\Markus Buchholz\Desktop\UdaCity\RoboND\RoboND-Rover-Project_MARKUS\IMG\robocam_2017_08_19_18_41_50_398.jpg;-6.196888;0;0;0;97.54266;81.76464;0.0002390791;166.0911;3.271164E-05
C:\Users\Markus Buchholz\Desktop\UdaCity\RoboND\RoboND-Rover-Project_MARKUS\IMG\robocam_2017_08_19_18_41_50_448.jpg;-3.953357;0;0;0;97.54266;81.76464;0.0002423663;165.5737;2.747983E-05
C:\Users\Markus Buchholz\Desktop\UdaCity\RoboND\RoboND-Rover-Project_MARKUS\IMG\robocam_2017_08_19_18_41_50_497.jpg;0.7374145;0;0;0;97.54266;81.76464;0.0002464176;165.4269;1.721014E-05
C:\Users\Markus Buchholz\Desktop\UdaCity\RoboND\RoboND-Rover-Project_MARKUS\IMG\robocam_2017_08_19_18_41_50_552.jpg;2.993304;0;0;0;97.54266;81.76464;0.0002482473;165.7408;8.929397E-06
C:\Users\Markus Buchholz\Desktop\UdaCity\RoboND\RoboND-Rover-Project_MARKUS\IMG\robocam_2017_08_19_18_41_50_599.jpg;5.349237;0;0;0;97.54266;81.76464;0.0002504801;166.5782;-3.983383E-06
C:\Users\Markus Buchholz\Desktop\UdaCity\RoboND\RoboND-Rover-Project_MARKUS\IMG\robocam_2017_08_19_18_41_50_652.jpg;7.482031;0;0;0;97.54266;81.76464;0.0002508276;167.4328;-1.299808E-05
C:\Users\Markus Buchholz\Desktop\UdaCity\RoboND\RoboND-Rover-Project_MARKUS\IMG\robocam_2017_08_19_18_41_50_700.jpg;9.93756;0;0;0;97.54266;81.76464;0.0002520595;169.0854;-2.72179E-05
C:\Users\Markus Buchholz\Desktop\UdaCity\RoboND\RoboND-Rover-Project_MARKUS\IMG\robocam_2017_08_19_18_41_50_748.jpg;11.99105;0;0;0;97.54266;81.76464;0.0002516523;170.4402;-3.726686E-05
C:\Users\Markus Buchholz\Desktop\UdaCity\RoboND\RoboND-Rover-Project_MARKUS\IMG\robocam_2017_08_19_18_41_50_802.jpg;14.23488;0;0;0;97.54266;81.76464;0.0002517694;172.8687;-5.169801E-05
C:\Users\Markus Buchholz\Desktop\UdaCity\RoboND\RoboND-Rover-Project_MARKUS\IMG\robocam_2017_08_19_18_41_50_853.jpg;15;0;0;0;97.54266;81.76464;0.0002511674;174.6687;-6.120749E-05
C:\Users\Markus Buchholz\Desktop\UdaCity\RoboND\RoboND-Rover-Project_MARKUS\IMG\robocam_2017_08_19_18_41_50_899.jpg;15;0;0;0;97.54266;81.76464;0.0002496;177.3687;-7.266257E-05
C:\Users\Markus Buchholz\Desktop\UdaCity\RoboND\RoboND-Rover-Project_MARKUS\IMG\robocam_2017_08_19_18_41_50_952.jpg;15;0;0;0;97.54266;81.76464;0.0002473564;179.1686;-8.046287E-05
C:\Users\Markus Buchholz\Desktop\UdaCity\RoboND\RoboND-Rover-Project_MARKUS\IMG\robocam_2017_08_19_18_41_50_998.jpg;15;0;0;0;97.54266;81.76464;0.0002441851;181.8685;-8.747622E-05
C:\Users\Markus Buchholz\Desktop\UdaCity\RoboND\RoboND-Rover-Project_MARKUS\IMG\robocam_2017_08_19_18_41_51_052.jpg;15;0;0;0;97.54266;81.76464;0.0002410125;183.6685;-9.144335E-05
C:\Users\Markus Buchholz\Desktop\UdaCity\RoboND\RoboND-Rover-Project_MARKUS\IMG\robocam_2017_08_19_18_41_51_097.jpg;15;0;0;0;97.54266;81.76464;0.0002384729;186.3684;-9.497943E-05
C:\Users\Markus Buchholz\Desktop\UdaCity\RoboND\RoboND-Rover-Project_MARKUS\IMG\robocam_2017_08_19_18_41_51_147.jpg;15;0;0;0;97.54266;81.76464;0.000236921;188.1684;-9.541895E-05
C:\Users\Markus Buchholz\Desktop\UdaCity\RoboND\RoboND-Rover-Project_MARKUS\IMG\robocam_2017_08_19_18_41_51_197.jpg;15;0;0;0;97.54266;81.76464;0.0002348972;190.8683;-9.5461E-05
C:\Users\Markus Buchholz\Desktop\UdaCity\RoboND\RoboND-Rover-Project_MARKUS\IMG\robocam_2017_08_19_18_41_51_247.jpg;15;0;0;0;97.54266;81.76464;0.0002345082;192.6682;-9.372991E-05
C:\Users\Markus Buchholz\Desktop\UdaCity\RoboND\RoboND-Rover-Project_MARKUS\IMG\robocam_2017_08_19_18_41_51_299.jpg;15;0;0;0;97.54266;81.76464;0.0002339455;195.3682;-8.950188E-05
C:\Users\Markus Buchholz\Desktop\UdaCity\RoboND\RoboND-Rover-Project_MARKUS\IMG\robocam_2017_08_19_18_41_51_348.jpg;15;0;0;0;97.54266;81.76464;0.0002336807;197.1682;-8.558288E-05
C:\Users\Markus Buchholz\Desktop\UdaCity\RoboND\RoboND-Rover-Project_MARKUS\IMG\robocam_2017_08_19_18_41_51_402.jpg;15;0;0;0;97.54266;81.76464;0.000232879;199.8683;-7.858416E-05
C:\Users\Markus Buchholz\Desktop\UdaCity\RoboND\RoboND-Rover-Project_MARKUS\IMG\robocam_2017_08_19_18_41_51_452.jpg;15;0;0;0;97.54266;81.76464;0.0002333674;201.6683;-7.379088E-05
C:\Users\Markus Buchholz\Desktop\UdaCity\RoboND\RoboND-Rover-Project_MARKUS\IMG\robocam_2017_08_19_18_41_51_500.jpg;15;0;0;0;97.54266;81.76464;0.0002361631;204.3683;-6.670791E-05
C:\Users\Markus Buchholz\Desktop\UdaCity\RoboND\RoboND-Rover-Project_MARKUS\IMG\robocam_2017_08_19_18_41_51_547.jpg;15;0;0;0;97.54266;81.76464;0.0002388836;206.1683;-6.176979E-05
C:\Users\Markus Buchholz\Desktop\UdaCity\RoboND\RoboND-Rover-Project_MARKUS\IMG\robocam_2017_08_19_18_41_51_598.jpg;15;0;0;0;97.54266;81.76464;0.0002434739;208.8683;-5.443456E-05
C:\Users\Markus Buchholz\Desktop\UdaCity\RoboND\RoboND-Rover-Project_MARKUS\IMG\robocam_2017_08_19_18_41_51_647.jpg;15;0;0;0;97.54266;81.76464;0.0002465094;210.6683;-4.87478E-05
C:\Users\Markus Buchholz\Desktop\UdaCity\RoboND\RoboND-Rover-Project_MARKUS\IMG\robocam_2017_08_19_18_41_51_697.jpg;15;0;0;0;97.54266;81.76464;0.0002519236;213.3683;-4.277478E-05
C:\Users\Markus Buchholz\Desktop\UdaCity\RoboND\RoboND-Rover-Project_MARKUS\IMG\robocam_2017_08_19_18_41_51_747.jpg;15;0;0;0;97.54266;81.76464;0.0002555397;215.1683;-3.882858E-05
C:\Users\Markus Buchholz\Desktop\UdaCity\RoboND\RoboND-Rover-Project_MARKUS\IMG\robocam_2017_08_19_18_41_51_797.jpg;15;0;0;0;97.54266;81.76464;0.0002598529;217.8683;-3.308328E-05
C:\Users\Markus Buchholz\Desktop\UdaCity\RoboND\RoboND-Rover-Project_MARKUS\IMG\robocam_2017_08_19_18_41_51_848.jpg;15;0;0;0;97.54266;81.76464;0.0002645041;219.6683;-2.966299E-05
C:\Users\Markus Buchholz\Desktop\UdaCity\RoboND\RoboND-Rover-Project_MARKUS\IMG\robocam_2017_08_19_18_41_51_901.jpg;15;0;0;0;97.54266;81.76464;0.0002702673;222.3683;-2.267795E-05
C:\Users\Markus Buchholz\Desktop\UdaCity\RoboND\RoboND-Rover-Project_MARKUS\IMG\robocam_2017_08_19_18_41_51_947.jpg;15;0;0;0;97.54266;81.76464;0.0002752179;224.1682;-1.817411E-05
C:\Users\Markus Buchholz\Desktop\UdaCity\RoboND\RoboND-Rover-Project_MARKUS\IMG\robocam_2017_08_19_18_41_51_997.jpg;15;0;0;0;97.54266;81.76464;0.0002842204;226.8683;-1.154307E-05
C:\Users\Markus Buchholz\Desktop\UdaCity\RoboND\RoboND-Rover-Project_MARKUS\IMG\robocam_2017_08_19_18_41_52_051.jpg;15;0;0;0;97.54266;81.76464;0.0002893682;228.6683;-7.547812E-06
C:\Users\Markus Buchholz\Desktop\UdaCity\RoboND\RoboND-Rover-Project_MARKUS\IMG\robocam_2017_08_19_18_41_52_101.jpg;15;0;0;0;97.54266;81.76466;0.0002955602;231.3683;-2.75988E-06
C:\Users\Markus Buchholz\Desktop\UdaCity\RoboND\RoboND-Rover-Project_MARKUS\IMG\robocam_2017_08_19_18_41_52_152.jpg;15;0;0;0;97.54266;81.76466;0.0002996293;233.1683;6.859658E-08
C:\Users\Markus Buchholz\Desktop\UdaCity\RoboND\RoboND-Rover-Project_MARKUS\IMG\robocam_2017_08_19_18_41_52_199.jpg;15;0;0;0;97.54266;81.76466;0.0003033094;235.8683;2.939217E-06
C:\Users\Markus Buchholz\Desktop\UdaCity\RoboND\RoboND-Rover-Project_MARKUS\IMG\robocam_2017_08_19_18_41_52_247.jpg;15;0;0;0;97.54266;81.76466;0.000305557;237.6684;4.250395E-06
C:\Users\Markus Buchholz\Desktop\UdaCity\RoboND\RoboND-Rover-Project_MARKUS\IMG\robocam_2017_08_19_18_41_52_297.jpg;15;0;0;0;97.54266;81.76466;0.0003090567;240.3684;5.579368E-06
C:\Users\Markus Buchholz\Desktop\UdaCity\RoboND\RoboND-Rover-Project_MARKUS\IMG\robocam_2017_08_19_18_41_52_348.jpg;15;0;0;0;97.54266;81.76466;0.0003114512;242.1684;5.460069E-06
C:\Users\Markus Buchholz\Desktop\UdaCity\RoboND\RoboND-Rover-Project_MARKUS\IMG\robocam_2017_08_19_18_41_52_397.jpg;15;0;0;0;97.54266;81.76466;0.000313302;244.8683;4.232228E-06
C:\Users\Markus Buchholz\Desktop\UdaCity\RoboND\RoboND-Rover-Project_MARKUS\IMG\robocam_2017_08_19_18_41_52_451.jpg;15;0;0;0;97.54266;81.76466;0.0003131121;246.6684;5.643366E-06
C:\Users\Markus Buchholz\Desktop\UdaCity\RoboND\RoboND-Rover-Project_MARKUS\IMG\robocam_2017_08_19_18_41_52_500.jpg;15;0;0;0;97.54266;81.76466;0.0003149654;249.3684;7.406908E-06
C:\Users\Markus Buchholz\Desktop\UdaCity\RoboND\RoboND-Rover-Project_MARKUS\IMG\robocam_2017_08_19_18_41_52_547.jpg;15;0;0;0;97.54266;81.76466;0.0003152949;251.1684;8.766633E-06
C:\Users\Markus Buchholz\Desktop\UdaCity\RoboND\RoboND-Rover-Project_MARKUS\IMG\robocam_2017_08_19_18_41_52_599.jpg;15;0;0;0;97.54266;81.76466;0.0003145348;253.8684;9.060614E-06
C:\Users\Markus Buchholz\Desktop\UdaCity\RoboND\RoboND-Rover-Project_MARKUS\IMG\robocam_2017_08_19_18_41_52_650.jpg;15;0;0;0;97.54266;81.76466;0.0003138639;255.6684;9.423369E-06
C:\Users\Markus Buchholz\Desktop\UdaCity\RoboND\RoboND-Rover-Project_MARKUS\IMG\robocam_2017_08_19_18_41_52_700.jpg;15;0;0;0;97.54266;81.76466;0.0003112272;258.3684;9.22624E-06
C:\Users\Markus Buchholz\Desktop\UdaCity\RoboND\RoboND-Rover-Project_MARKUS\IMG\robocam_2017_08_19_18_41_52_747.jpg;15;0;0;0;97.54266;81.76466;0.0003088333;260.1684;8.499849E-06
C:\Users\Markus Buchholz\Desktop\UdaCity\RoboND\RoboND-Rover-Project_MARKUS\IMG\robocam_2017_08_19_18_41_52_797.jpg;15;0;0;0;97.54266;81.76466;0.0003048992;262.8684;7.851238E-06
C:\Users\Markus Buchholz\Desktop\UdaCity\RoboND\RoboND-Rover-Project_MARKUS\IMG\robocam_2017_08_19_18_41_52_847.jpg;15;0;0;0;97.54266;81.76466;0.0003030547;264.6684;7.803603E-06
C:\Users\Markus Buchholz\Desktop\UdaCity\RoboND\RoboND-Rover-Project_MARKUS\IMG\robocam_2017_08_19_18_41_52_897.jpg;15;0;0;0;97.54266;81.76466;0.0002997514;267.3684;9.391035E-06
C:\Users\Markus Buchholz\Desktop\UdaCity\RoboND\RoboND-Rover-Project_MARKUS\IMG\robocam_2017_08_19_18_41_52_951.jpg;15;0;0;0;97.54266;81.76466;0.0002974711;269.1684;1.058093E-05
C:\Users\Markus Buchholz\Desktop\UdaCity\RoboND\RoboND-Rover-Project_MARKUS\IMG\robocam_2017_08_19_18_41_52_999.jpg;15;0;0;0;97.54266;81.76466;0.000294147;271.8684;1.204453E-05
C:\Users\Markus Buchholz\Desktop\UdaCity\RoboND\RoboND-Rover-Project_MARKUS\IMG\robocam_2017_08_19_18_41_53_047.jpg;15;0;0;0;97.54266;81.76466;0.0002921346;273.6684;1.315767E-05
C:\Users\Markus Buchholz\Desktop\UdaCity\RoboND\RoboND-Rover-Project_MARKUS\IMG\robocam_2017_08_19_18_41_53_097.jpg;15;0;0;0;97.54266;81.76466;0.0002874259;276.3683;1.358437E-05
C:\Users\Markus Buchholz\Desktop\UdaCity\RoboND\RoboND-Rover-Project_MARKUS\IMG\robocam_2017_08_19_18_41_53_147.jpg;15;0;0;0;97.54266;81.76466;0.0002843309;278.1684;1.41764E-05
C:\Users\Markus Buchholz\Desktop\UdaCity\RoboND\RoboND-Rover-Project_MARKUS\IMG\robocam_2017_08_19_18_41_53_198.jpg;15;0;0;0;97.54266;81.76466;0.0002789301;280.8684;1.563571E-05
C:\Users\Markus Buchholz\Desktop\UdaCity\RoboND\RoboND-Rover-Project_MARKUS\IMG\robocam_2017_08_19_18_41_53_250.jpg;15;0;0;0;97.54266;81.76466;0.0002772639;282.6684;1.562051E-05
C:\Users\Markus Buchholz\Desktop\UdaCity\RoboND\RoboND-Rover-Project_MARKUS\IMG\robocam_2017_08_19_18_41_53_297.jpg;15;0;0;0;97.54266;81.76466;0.0002739901;285.3683;1.698273E-05
C:\Users\Markus Buchholz\Desktop\UdaCity\RoboND\RoboND-Rover-Project_MARKUS\IMG\robocam_2017_08_19_18_41_53_348.jpg;15;0;0;0;97.54266;81.76466;0.0002710591;287.1683;1.888772E-05
C:\Users\Markus Buchholz\Desktop\UdaCity\RoboND\RoboND-Rover-Project_MARKUS\IMG\robocam_2017_08_19_18_41_53_397.jpg;15;0;0;0;97.54266;81.76466;0.0002685552;289.8683;2.145147E-05
C:\Users\Markus Buchholz\Desktop\UdaCity\RoboND\RoboND-Rover-Project_MARKUS\IMG\robocam_2017_08_19_18_41_53_447.jpg;13.50715;0;0;0;97.54266;81.76466;0.0002675666;291.5336;2.285495E-05
C:\Users\Markus Buchholz\Desktop\UdaCity\RoboND\RoboND-Rover-Project_MARKUS\IMG\robocam_2017_08_19_18_41_53_497.jpg;11.26933;0;0;0;97.54266;81.76466;0.0002665263;293.6957;2.6089E-05
C:\Users\Markus Buchholz\Desktop\UdaCity\RoboND\RoboND-Rover-Project_MARKUS\IMG\robocam_2017_08_19_18_41_53_547.jpg;8.981089;0;0;0;97.54266;81.76466;0.0002658326;294.8203;2.865035E-05
C:\Users\Markus Buchholz\Desktop\UdaCity\RoboND\RoboND-Rover-Project_MARKUS\IMG\robocam_2017_08_19_18_41_53_597.jpg;6.760571;0;0;0;97.54266;81.76466;0.0002644302;296.1727;3.412884E-05
C:\Users\Markus Buchholz\Desktop\UdaCity\RoboND\RoboND-Rover-Project_MARKUS\IMG\robocam_2017_08_19_18_41_53_647.jpg;4.500868;0;0;0;97.54266;81.76468;0.0002619885;296.7585;3.839589E-05
C:\Users\Markus Buchholz\Desktop\UdaCity\RoboND\RoboND-Rover-Project_MARKUS\IMG\robocam_2017_08_19_18_41_53_699.jpg;2.242436;0;0;0;97.54266;81.76468;0.0002583975;297.2996;4.605688E-05
C:\Users\Markus Buchholz\Desktop\UdaCity\RoboND\RoboND-Rover-Project_MARKUS\IMG\robocam_2017_08_19_18_41_53_748.jpg;0;0;0;0;97.54266;81.76468;0.0002564771;297.3461;5.062271E-05
C:\Users\Markus Buchholz\Desktop\UdaCity\RoboND\RoboND-Rover-Project_MARKUS\IMG\robocam_2017_08_19_18_41_53_798.jpg;0;0;0;0;97.54266;81.76468;0.0002520526;297.3461;5.546091E-05
C:\Users\Markus Buchholz\Desktop\UdaCity\RoboND\RoboND-Rover-Project_MARKUS\IMG\robocam_2017_08_19_18_41_53_847.jpg;0;0;0;0;97.54266;81.76468;0.0002488268;297.3461;5.800303E-05
C:\Users\Markus Buchholz\Desktop\UdaCity\RoboND\RoboND-Rover-Project_MARKUS\IMG\robocam_2017_08_19_18_41_53_901.jpg;0;0;0;0;97.54266;81.76468;0.0002436714;297.3461;6.074006E-05
C:\Users\Markus Buchholz\Desktop\UdaCity\RoboND\RoboND-Rover-Project_MARKUS\IMG\robocam_2017_08_19_18_41_53_947.jpg;0;0;0;0;97.54266;81.76468;0.0002403062;297.3461;6.180589E-05
C:\Users\Markus Buchholz\Desktop\UdaCity\RoboND\RoboND-Rover-Project_MARKUS\IMG\robocam_2017_08_19_18_41_53_997.jpg;0;0;0;0;97.54266;81.76468;0.0002366796;297.3461;6.224879E-05
C:\Users\Markus Buchholz\Desktop\UdaCity\RoboND\RoboND-Rover-Project_MARKUS\IMG\robocam_2017_08_19_18_41_54_047.jpg;0;0;0;0;97.54266;81.76468;0.0002349349;297.3461;6.18495E-05
C:\Users\Markus Buchholz\Desktop\UdaCity\RoboND\RoboND-Rover-Project_MARKUS\IMG\robocam_2017_08_19_18_41_54_097.jpg;0;0;0;0;97.54266;81.76468;0.0002324223;297.3461;6.009937E-05
C:\Users\Markus Buchholz\Desktop\UdaCity\RoboND\RoboND-Rover-Project_MARKUS\IMG\robocam_2017_08_19_18_41_54_147.jpg;0;0;0;0;97.54266;81.76468;0.0002308555;297.3461;5.817401E-05
C:\Users\Markus Buchholz\Desktop\UdaCity\RoboND\RoboND-Rover-Project_MARKUS\IMG\robocam_2017_08_19_18_41_54_201.jpg;0;0;0;0;97.54266;81.76468;0.0002287199;297.3461;5.616733E-05
C:\Users\Markus Buchholz\Desktop\UdaCity\RoboND\RoboND-Rover-Project_MARKUS\IMG\robocam_2017_08_19_18_41_54_247.jpg;0;0;0;0;97.54266;81.76468;0.0002276625;297.3461;5.452992E-05
C:\Users\Markus Buchholz\Desktop\UdaCity\RoboND\RoboND-Rover-Project_MARKUS\IMG\robocam_2017_08_19_18_41_54_297.jpg;0;0;0;0;97.54266;81.76468;0.0002263332;297.3461;5.087185E-05
C:\Users\Markus Buchholz\Desktop\UdaCity\RoboND\RoboND-Rover-Project_MARKUS\IMG\robocam_2017_08_19_18_41_54_347.jpg;0;0;0;0;97.54266;81.76468;0.0002255827;297.3461;4.778686E-05
C:\Users\Markus Buchholz\Desktop\UdaCity\RoboND\RoboND-Rover-Project_MARKUS\IMG\robocam_2017_08_19_18_41_54_397.jpg;0;0;0;0;97.54266;81.76468;0.000224692;297.3461;4.231957E-05
C:\Users\Markus Buchholz\Desktop\UdaCity\RoboND\RoboND-Rover-Project_MARKUS\IMG\robocam_2017_08_19_18_41_54_447.jpg;0;0;0;0;97.54266;81.76468;0.000224233;297.3461;3.817517E-05
C:\Users\Markus Buchholz\Desktop\UdaCity\RoboND\RoboND-Rover-Project_MARKUS\IMG\robocam_2017_08_19_18_41_54_498.jpg;0;0;0;0;97.54266;81.76468;0.0002237591;297.3461;3.126108E-05
C:\Users\Markus Buchholz\Desktop\UdaCity\RoboND\RoboND-Rover-Project_MARKUS\IMG\robocam_2017_08_19_18_41_54_547.jpg;0;0;0;0;97.54266;81.76468;0.0002236419;297.3461;2.626466E-05
C:\Users\Markus Buchholz\Desktop\UdaCity\RoboND\RoboND-Rover-Project_MARKUS\IMG\robocam_2017_08_19_18_41_54_597.jpg;0;0;0;0;97.54266;81.76468;0.0002237756;297.3461;2.049324E-05
C:\Users\Markus Buchholz\Desktop\UdaCity\RoboND\RoboND-Rover-Project_MARKUS\IMG\robocam_2017_08_19_18_41_54_647.jpg;0;0;0;0;97.54266;81.76468;0.000224081;297.3461;1.723374E-05
